{"data_x": {"m": -0.0314429594596847, "c": 0.5678046143357498}, "data_y": {"m": -0.34303559904011727, "c": 0.24856297001591088}, "mc_x": {"m": -0.006989885879924056, "c": -0.18296550649260576}, "mc_y": {"m": 0.03947250010342134, "c": 0.056888392250887765}}